{"cameraMode":{"drawMode":0,"name":"Shaded","section":"Shading Mode"},"sceneLighting":true,"audioPlay":false,"sceneViewState":{"m_AlwaysRefresh":false,"showFog":true,"showSkybox":true,"showFlares":true,"showImageEffects":true,"showParticleSystems":true,"showVisualEffectGraphs":true,"m_FxEnabled":true},"in2DMode":false,"pivot":{"x":-0.44650405645370486,"y":2.203014373779297,"z":-0.8722422122955322},"rotation":{"x":-0.004790533799678087,"y":0.9818766117095947,"z":0.02504309080541134,"w":0.18781611323356629},"size":4.145671844482422,"orthographic":true}